epoch,d_real,d_fake,g_adv,g_l1,val_l1,val_ssim
1,0.33568709975640687,0.36060153719569954,1.6262627600559167,0.2566216569393873,0.10656859214950658,0.5465738649638194
2,0.16758896287397615,0.1573217866077487,2.692246274756534,0.22506805589156492,0.10356584809861093,0.5495153223193666
3,0.20594373510019587,0.17942781144353961,2.7997629983084544,0.21857682788478477,0.10581364971536761,0.5344165930957914
4,0.1854945739697931,0.16471570231286542,2.737264551754509,0.2143333222983139,0.10041561666524636,0.5472799378371088
5,0.1793906338196913,0.14825879950408957,2.8511272881712233,0.20811062652085507,0.10032850616383104,0.5418014391413275
6,0.17250378598068242,0.1409329457840483,3.0306058025785854,0.20666553851749217,0.10202919387217588,0.5339472406315353
7,0.1760348391752424,0.14423348407061504,3.318412946803229,0.20344387819724424,0.09972191506711692,0.5399526087742932
8,0.17438796980838692,0.1313747400417924,3.208321077483041,0.20197743297155415,0.09814811327672356,0.5388895820521709
9,0.3942645694478415,0.4273945903072932,2.551220521863018,0.19501347241124936,0.10085935412712817,0.5498233025178969
10,0.1739660175226163,0.1391105561716748,2.8981072391782488,0.19410650166017668,0.0953415759704398,0.549865832868612
11,0.18228314816951752,0.14238132908940315,2.967717177633728,0.1931502969403352,0.09606457431361362,0.5484579321723314
12,0.17609892976802907,0.13683878743488873,3.0255704341190204,0.19148484258247273,0.09776940860588344,0.5382503188631069
13,0.1767371034698694,0.13661699795297214,3.1155915185809135,0.1920930120561804,0.0939176227561583,0.5479971335369086
14,0.18215905737763802,0.1447613590031064,3.1692102615322386,0.18984227454555885,0.0936372540032089,0.5535263411653867
15,0.19894305491886502,0.15251797856763005,3.2604431829282214,0.18796023121103644,0.09317736180823305,0.5562871004800377
16,0.17872036359040067,0.14303662165600275,3.117861687072686,0.18724067828484944,0.09246883302364708,0.5564132587714765
17,0.28014966954651754,0.25027271592989564,2.950086258351803,0.1818490805370467,0.09246279808460293,0.5653902337236224
18,0.16840725468188925,0.13541898184588977,3.0999225952795575,0.18343507052798355,0.09494837749929048,0.5483438518812072
19,0.1975711622425089,0.16070074139029852,3.0467537279639925,0.18231540532516582,0.08989502448955673,0.564631388247388
20,0.2163641919697901,0.16720844003637986,3.0003399518983707,0.18104734777339868,0.09148844857885653,0.5584506849822758
21,0.20009371817494476,0.16077258898543992,3.0247648656368256,0.1799497383513621,0.09335287461990582,0.5579878447940515
22,0.21063283228847599,0.162485948747157,3.0957093643290654,0.18093397874119027,0.09124604661009846,0.5628431919235853
23,0.20200885534619115,0.15711900605154888,3.1479099648339406,0.17919783786471402,0.0913186785559984,0.559063270406903
24,0.2008989806469929,0.17309464577452413,3.209935759859426,0.17873708045642292,0.09234623963977805,0.5554472882792635
25,0.1623457788207036,0.1276303041293951,3.3408389996205057,0.17797620727547578,0.09192619333727056,0.560799131978233
26,0.1761264789965935,0.1386182361914377,3.291854661490236,0.17765204987621733,0.08887914391683581,0.5704288535148093
27,0.16843786801993182,0.13156991841138474,3.330883038895471,0.1758254968694278,0.09056171981043784,0.5695951191134423
28,0.24106258845755033,0.19287588324264757,3.371702073940209,0.17765178252011538,0.08996427908883406,0.5705208710904391
29,0.2598974965471176,0.20983611522907658,3.0151870335851396,0.1735559318081609,0.0929467450647734,0.560582844716198
30,0.20342259874866744,0.1576580205000937,3.1148088478616307,0.17577034906883324,0.08863404536897031,0.5713925792736078
31,0.18062477463224372,0.15035451105463185,3.19718863176448,0.17417984741872974,0.09451208349543797,0.564057672923466
32,0.1810852428191408,0.14031502664355294,3.228639313152858,0.17337949494166033,0.09152132635096584,0.5605384373814805
33,0.18960102210361843,0.14824392377132817,3.3302724372063364,0.17406141618266702,0.09252348960820482,0.5627425196785597
34,0.2079449700956632,0.16228579749752367,3.348011380859784,0.1725350092165172,0.0897865003010012,0.5621447664386822
35,0.1618881167170392,0.12924893250289773,3.3656897534217154,0.17340980071042264,0.09199631414073568,0.5613158742586771
36,0.16455668087084113,0.12639334596626992,3.512879930436611,0.17118826867746456,0.09109541205240246,0.5643458962440491
37,0.14384219935995393,0.1126323581806251,3.6121219247579575,0.1707754841606532,0.08959424970534863,0.5692931957214883
38,0.17048826691045957,0.13199662658319408,3.640053650630372,0.17079433432913252,0.09253214665178981,0.5651315431924736
39,0.1736012222910566,0.1320301695793335,3.6263256072998047,0.17118340511141078,0.08922822720349709,0.5642736029325042
40,0.1473462424889606,0.11321691313891538,3.550915406218597,0.17172721706862962,0.08988994222517034,0.5755274914345652
41,0.1240473258367274,0.0983179482032678,3.8446932094437734,0.17148099912862694,0.09132656886142755,0.5621646541469502
42,0.15595941234745883,0.12751295647051716,3.8602014258503914,0.1707115405505257,0.08654315066787432,0.5828862913749503
43,0.5894406565764386,0.682868506493313,2.7873036861419678,0.16403177573478647,0.08863620063293903,0.5756574025693929
44,0.227779815410031,0.17188630238108868,2.9610143495457515,0.16858284574534213,0.08937099369816812,0.5652991668233331
45,0.16140860523280157,0.13174726499710232,3.2518707992775098,0.1693298670330218,0.088359325436926,0.5695267244704865
46,0.1528154838098479,0.12090674024407885,3.3920673547046527,0.1680162719317845,0.08916914013196837,0.5670495366900222
47,0.1517661570022548,0.11904162296559662,3.425573849252292,0.16803289803543262,0.0898210904883139,0.5638134074660966
48,0.1568774378226538,0.1247026179750849,3.5145084549273764,0.1695029134862125,0.09046146104920585,0.556349737839129
49,0.144693499539114,0.11745256020887089,3.559527254530362,0.1679754204648946,0.09183254756767546,0.5613084270519281
50,0.15368728441951265,0.12095935168742601,3.615499012172222,0.16753573609249933,0.09150992999286771,0.5636800497582873
51,0.15962715705973096,0.13051561857407382,3.623009590165956,0.16601489025301167,0.08997006761203022,0.5703393599522188
52,0.12453658090505217,0.10418922576354817,3.7371266271386827,0.16611719011728251,0.08955773142648693,0.5659922799974118
53,0.13947310216774764,0.10958040859051314,3.7508227644222125,0.16679296615932668,0.09050714294865446,0.5651667039349394
54,0.12160162208809717,0.09809795640675086,3.843838582081454,0.16464265628850885,0.08921807916909144,0.5692550348785689
55,0.17067337731506477,0.1313412819955764,3.7866323036806926,0.1667785510154707,0.08948401110227255,0.567226066154504
56,0.13568572973183887,0.1139099974700782,3.8161592930555344,0.1658143180289439,0.09060607041452916,0.5588692786558619
57,0.11161659254243464,0.08658694221438575,3.9868116740669524,0.16539262301687682,0.0889737483590404,0.565806232908237
58,0.11516735706079219,0.09041761957840729,3.958676294556686,0.16502138606405684,0.08924105632230171,0.5653334612366538
59,0.1409758321658176,0.11038130558361965,4.07167298240321,0.16396848484873772,0.0915380376439924,0.5566839643244473
60,0.1205086753969746,0.09746150500307392,4.059019296297005,0.16618063899555377,0.08857178563091989,0.5678089965814315
61,0.08885050067224906,0.07467132459195065,4.247242489031383,0.16354382184467145,0.09119308419697442,0.5620614852545396
62,0.12576570674303053,0.10579111990019945,4.197241645838533,0.16398886617805278,0.08917046218048352,0.5696292909436256
63,0.10783477966573887,0.08773987700780188,4.303899481892586,0.1628175723100347,0.09099183942286973,0.5604125077619493
64,0.08386635460712048,0.07101004549518361,4.444057522075517,0.16471279984606163,0.08980421050289643,0.5622332197315288
65,0.5936846051315244,0.8721829831234312,2.9358677491545677,0.15590870613232255,0.08540572035487592,0.5842655342329973
66,0.2518304887177822,0.21724270946080132,2.6280535757541656,0.15716935394863998,0.0888161459309,0.5782013336817423
67,0.18348842732042872,0.14862107156243706,3.250793788049902,0.15912458706381066,0.09012120724724025,0.5747088340093505
68,0.15398522066035575,0.12534221327431233,3.60746766520398,0.16132464479388936,0.08937832844332329,0.5711662780563787
69,0.10587763857672274,0.08498175688354033,3.915708986776216,0.1630302336998284,0.08907866752872429,0.5691476689194733
70,0.10030623458442278,0.08444975122776148,4.064295634627342,0.16405388333701662,0.09111661906012451,0.5568485338732881
71,0.11777526385932495,0.09622586430383048,4.169939770230225,0.16265704003827913,0.08899241448448388,0.5700725515683492
72,0.09998548737452698,0.08140991749574564,4.120172383529799,0.16292327735573053,0.09060108461719892,0.5641261661577525
73,0.0912001003110033,0.0745666139991954,4.206687720758574,0.16303503919126733,0.09071735840923381,0.5672935648534283
74,0.11116281580013622,0.09540622363731797,4.250414186290333,0.1634119339287281,0.0915553437338935,0.565143292430062
75,0.09064121448942128,0.07249458728724026,4.277504886899676,0.1627240365238062,0.0896769707057961,0.5637427099845694
76,0.09086509291436025,0.07293726735016597,4.39817387504237,0.16099706258890883,0.08997128169741521,0.564635436115025
77,0.33697313586786287,0.3740635553840548,4.634213608290468,0.15972063118325813,0.0856521914340165,0.5870250306039486
78,0.30815751622763593,0.23856607832775417,2.8405659768198217,0.15436337529016392,0.08799513530931131,0.5712317599440521
79,0.12849604149856272,0.10546831074835998,3.6079328464610234,0.15828778834215232,0.09005491663574922,0.5676496482495242
80,0.1041579839345234,0.08280438764735923,3.999541347580297,0.1593557696656457,0.08979174650940006,0.5712397870777538
81,0.1041232614245798,0.0877889868404184,4.192335296954427,0.15989461354911327,0.08988325175999093,0.5679819340226036
82,0.07427518539355203,0.0635672876960598,4.346320567386491,0.1593736787326634,0.08988708695025814,0.5688006255611684
83,0.10620793010873188,0.08530258559039794,4.323389737733772,0.15847000014036894,0.09117652910060604,0.5667598217538318
84,0.0772485500762871,0.0643355442693324,4.429188413279397,0.15881296679643647,0.0891663935699303,0.5650338170663366
85,0.10347087115639754,0.09032295038923621,4.349442794919014,0.15891135024971195,0.09072513475358111,0.5652406965411684
86,0.06100537475036357,0.05255732863692434,4.514365228159087,0.157993318845651,0.0943330781264875,0.557950273624756
87,0.16523603492948627,0.1847655326273525,4.407877042357411,0.1578256729990244,0.09254957470004165,0.5592956812876575
88,0.08597514276958204,0.07242500319677804,4.313183469431741,0.15808705925675376,0.09057840386276725,0.5625835147293858
89,0.07237146875663061,0.06206840235141239,4.537073595183236,0.1589692680697356,0.09140400541653423,0.5629567192785395
90,0.08871328148649939,0.07108236613151218,4.512957832642964,0.1577742270060948,0.09229453829599375,0.5639095703760783
91,0.08215064436080866,0.06662068792086627,4.579702836062227,0.1595157920382917,0.09001573926497805,0.5723103089902386
92,0.05040061557935717,0.04330561486754699,4.78489505818912,0.15730619317452824,0.09021419474163896,0.5714519942331614
93,0.07412209144812161,0.06054369263750102,4.840779772826603,0.1574547308763223,0.08922158622141904,0.5750405777175471
94,0.1474914973181772,0.11618679981828402,4.813857538359506,0.1577529420277902,0.09044357865611462,0.5639506687158309
95,0.08242894786859065,0.06931945503622826,4.557746910623142,0.15675425216821687,0.09267116442666364,0.5615355274962179
96,0.11021212138959006,0.09504614628219445,4.675821095705032,0.1575684625921505,0.09116157595716431,0.5671550174179317
97,0.0515742707346882,0.04445514071682867,4.763304378305163,0.15522234461137227,0.0907199145363062,0.5720774426400287
98,0.06439974987759862,0.05369821949612482,4.7620341799088886,0.1566666773121272,0.09183731618917212,0.5580695852543573
99,0.4422636067538406,0.3903964473907503,4.48539479396173,0.15521453952948963,0.0884155439880659,0.5807391708751894
100,0.10501332468785611,0.08851661800456766,4.033275729843548,0.15494843885036452,0.09076690373930543,0.5647541876858885
101,0.06109980727238248,0.052026876156950105,4.464631353105817,0.15635347486074483,0.09061867710929247,0.5696455075305963
102,0.0635261002358415,0.05516409350093454,4.6592728942632675,0.15481388495702827,0.09063875675201417,0.5673633345268058
103,0.05033910051861312,0.04284291432954238,4.8350225154842645,0.15510152712730424,0.08970541624153185,0.5705614603540432
104,0.06182359975043385,0.0518805192259606,4.849110247833388,0.15547753551176616,0.09158297679709188,0.5630389414493393
105,0.05300242972485388,0.04505082608167348,4.858731770089695,0.15479510104549782,0.09156055895287535,0.5666104577622324
106,0.05133417472513559,0.04447294298526166,4.936395992125783,0.1550987650906401,0.09052792984984455,0.5671462195474397
107,0.11986167993641825,0.09709766984451562,4.911814738597188,0.15378339728340507,0.09051340980849676,0.5669668965369651
108,0.04458698967261755,0.038875302902722196,4.955778660518782,0.15336189611947962,0.090624625327952,0.5728238896004059
109,0.08891553868202859,0.0709593227345197,4.885103664227894,0.1540596948138305,0.0892694568733999,0.57297201988832
110,0.06192674210615223,0.048506559014120806,4.994979505028043,0.1533553090744785,0.09240221127524065,0.5702058980299992
111,0.06558329951076303,0.054937770956062844,5.058624946645328,0.15443848825192877,0.0910399667371994,0.5647309763626482
112,0.44159514802907196,0.516993561385399,4.5891677513718605,0.15148947860247322,0.08641346395640503,0.5854579101568498
113,0.2060891307774,0.17273518599436752,3.2466804768357957,0.15021456591784954,0.08933022861960552,0.5753762811984656
114,0.10788158242939971,0.08962855970769722,4.085706491555486,0.15341154938297613,0.09009545454189213,0.5701967788942205
115,0.06897416577703552,0.0572838785841928,4.472060780440058,0.15346403739282063,0.09241305582178463,0.5594641581271429
116,0.05475519397597444,0.04674219148208587,4.720724976488522,0.15294032617072975,0.09391927544175951,0.5690132353290822
117,0.05043640387209182,0.04302063374988003,4.843262670295579,0.15279473211350186,0.08963763888776928,0.5685086272797495
118,0.0528602948111906,0.043576146309663145,4.978721275925636,0.15326889464631677,0.09023192643619433,0.5706867391958177
119,0.051050510926610775,0.04317741325108467,4.9942785650491714,0.15365596853994898,0.09071345974064474,0.5632607299576765
120,0.05532449247818606,0.04658366715219537,5.002997494169644,0.1520164961527501,0.08968378063017968,0.5701679422420526
121,0.33438764026712825,0.3028596829057538,4.619312987795898,0.1508027858633016,0.09147549550238394,0.5655157476101281
122,0.15877041299453204,0.1227674880896562,3.9578484648040364,0.15176122868433595,0.0896047111327293,0.5705594555386957
123,0.06539606615842786,0.05627263867063448,4.536409103444645,0.15223899144413217,0.0896753070239501,0.5720208425941707
124,0.06470070522170447,0.057095203382362215,4.681216657161713,0.1523500123460378,0.09122639007288455,0.5664127094190825
125,0.05234471807593114,0.0456406108901969,4.832656956144741,0.15126279994313205,0.09023469024234347,0.5721170887257319
126,0.06410473339201417,0.05222406550144244,4.912669675690787,0.15214746571811183,0.09113072974127044,0.5729860329777939
127,0.06958558674627316,0.058818188342099474,4.84776095939534,0.15106540146682942,0.09215743761642425,0.5675578683427295
128,0.09293379646260291,0.08484982446368251,4.806503812117236,0.15226488054863044,0.09038634245250711,0.5705794152223839
129,0.0386659090966402,0.03420191966246681,5.092718641672816,0.15114847956491367,0.0903014976773372,0.5657053278677119
130,0.04138540446937051,0.036755286992826895,5.070096746087074,0.15091289972354258,0.0896947716267104,0.5714307281206239
131,0.40959857487385826,0.39960575762337874,3.9329345864909038,0.1495910728616374,0.08877689908385525,0.5749139062263681
132,0.08475483282693728,0.07161753066715651,4.385930461542947,0.1500898212460535,0.09024330779941327,0.5681610868411994
133,0.06096193231132929,0.05045159045922836,4.742296033671924,0.1496657711852874,0.08895527291847723,0.5746586802620558
134,0.047234932239267176,0.04206850979660105,4.942528164812496,0.14986843775425637,0.09218701001733105,0.5663936674220007
135,0.054619401927733895,0.04701076094975828,5.039866643292563,0.1515135542223496,0.09037247893695312,0.5683993790884437
136,0.04734288730781243,0.0409193813247839,5.16829052567482,0.15099327385957753,0.09136977985470049,0.5721614450778602
137,0.15769730174672855,0.16040592194518208,4.951615338878972,0.14893481614334242,0.0901900007539825,0.5714102492392438
138,0.06723565629259351,0.05749127613879474,4.762368906821523,0.1505719886294433,0.09034768865293426,0.5717980805433022
139,0.0607680347529822,0.049391822286582156,4.99424284696579,0.14983067641566908,0.09196282907601921,0.568272018957438
140,0.04670921201769878,0.03739055804076737,5.139959539685931,0.1502558431322021,0.09070842695935968,0.569563570262501
141,0.06432051925886688,0.06202813826010762,5.264065193278449,0.15045867740575755,0.09032571440722707,0.5713170605635493
142,0.05185948180068018,0.04482133440823028,5.106482105595725,0.15036860374467714,0.09047090782309478,0.5745704470190612
143,0.07642660561344071,0.07136585890631457,5.272740268281528,0.14902690771434987,0.08835360039205171,0.5774341480537031
144,0.36091934668989517,0.322737066474344,4.368424260190555,0.1488397608378104,0.0904997754646797,0.5679347488865163
145,0.06866930396790849,0.056951711869000325,4.579790272883007,0.1474611880922956,0.0904796340930387,0.5734732522154754
146,0.04689922739583251,0.04173185961553827,4.883677027055195,0.1474990231384124,0.0890088301284758,0.5760668699846327
147,0.07073507980957013,0.058803181999662356,4.860139125159809,0.14880379701831511,0.09155191715408421,0.5704135047564717
148,0.05266002614890957,0.04417332398173,5.036199029002871,0.14775776463959897,0.09152940609170204,0.5692945864965331
149,0.04265583971274672,0.034777243309820606,5.121927455067635,0.14750648782189404,0.08880527564314677,0.5768779141348113
150,0.03135100269303491,0.028550442241664444,5.328149354883602,0.1488525802269578,0.09352508355986397,0.5707153156868316
151,0.03902388216738473,0.03222534584970812,5.37983501808984,0.14915221530411923,0.09081733126810264,0.570172704990555
152,0.19905512579966203,0.1612253438465164,5.074795169489724,0.14790021342092327,0.08971877567923044,0.570092961473285
153,0.07479747026965404,0.06430423463254036,5.067896360797541,0.14746535682518566,0.08909761680746978,0.5747916683460932
154,0.04779129844973795,0.04048362070378581,5.217171349695751,0.1469210112201316,0.09031724379997333,0.5721773516457036
155,0.045575915959489066,0.03919016855694021,5.261604098337037,0.147759962427829,0.08972881350127407,0.5723785161972046
156,0.04229975017941407,0.037375479304630845,5.306841545871326,0.14743501573268855,0.08907623860821033,0.5761449895564865
157,0.06640252269374157,0.05662369405035861,5.371944557343211,0.1482227575033903,0.0909147200094579,0.5685998576242219
158,0.056442567768889215,0.04743234777872983,5.424825723682131,0.14879116688721947,0.08940220079082113,0.5756776850178557
159,0.03969438683244724,0.0334176180643096,5.4309738129377365,0.14828418527862855,0.08929892181100585,0.5799841562157158
160,0.03696829179430746,0.03218568870423561,5.645609702382769,0.14806297241843172,0.09018915379322301,0.5711369686906442
161,0.2595477241546697,0.24236070881098776,5.446685239672661,0.14678224688395858,0.09013906889741524,0.5706389988743285
162,0.10269945626506731,0.09075166607466859,4.717469233487334,0.1468649469981236,0.0894335985683545,0.5786962917765731
163,0.051768068364513704,0.04538154212059453,5.0068778693675995,0.1470680440376912,0.09197284440574403,0.5724807332896586
164,0.04738785955383459,0.03920965123376975,5.171738103032112,0.1477804016987128,0.09123234628881298,0.5765204789503565
165,0.04625927110464545,0.03914435583491078,5.241710897002902,0.1464514210820198,0.0904530651664334,0.57784936188152
166,0.1433283405671578,0.12066222843506173,5.139009098921504,0.14670021226629615,0.0892394263789339,0.5764572440453295
167,0.04640913512724053,0.03902316843076343,5.282548759664808,0.14656919107905456,0.08963460042541631,0.5735040996809425
168,0.0425425117409759,0.03607804294110143,5.3521018879754205,0.14709467992984823,0.09160240466239816,0.5664795134802284
169,0.03040654406192646,0.025523527448448085,5.61912131522383,0.14713423745706677,0.09058805656633036,0.5709507157967525
170,0.3258817294731021,0.27003793780958013,4.911008679441044,0.14605336682870984,0.09000476301341187,0.5754373028593244
171,0.05340342771731749,0.04455779443794329,5.005670611347471,0.14635242980771832,0.08944580614941673,0.5758255086604904
172,0.03739097809115525,0.03379460086996135,5.324124627879688,0.1468196185970945,0.09016963270975108,0.5725009178965347
173,0.036850114248279296,0.02932388353760221,5.417343756982258,0.14505540812388062,0.09011171773794563,0.5770131615722704
174,0.027648331940456825,0.024401658023374954,5.577415777104242,0.1456360471035753,0.0899592797961125,0.5737611508969241
175,0.03621032937319667,0.030316588813937933,5.528845563530922,0.1455059443999614,0.09240678496330788,0.5684307738670014
176,0.043991071880425024,0.03615294851312813,5.46456159225532,0.1457648543374879,0.0905534273923318,0.5710952934229149
177,0.06308571442722107,0.05439962255851632,5.607871958187649,0.14598785700010403,0.08944669434609405,0.5762064629380808
178,0.03945541549468804,0.033510661698528565,5.496741803629058,0.145335428483252,0.09041057092838567,0.5781277811752176
179,0.03564860472995081,0.030712308195818747,5.710444684539523,0.14551194923530733,0.08931194261434941,0.5759577035154186
180,0.057976534817238905,0.05036846960761717,5.678287274071148,0.14494629004704102,0.090024144894422,0.5794393892558116
181,0.13802360816251685,0.12253905454521632,5.555249713361263,0.14557417748229845,0.08993672499866606,0.5740128943005448
182,0.04540699728698071,0.03910334103940321,5.390261473400252,0.14578645224017756,0.09033592117157621,0.5777140878281504
183,0.044528166435546676,0.03804646681029616,5.62866872549057,0.1467084087697523,0.0919605201145388,0.5687584299711311
184,0.034435551706077865,0.029414501301029565,5.61360946723393,0.14573047210329346,0.09078535043968343,0.5776551751970495
185,0.056314456896091415,0.04532201769844895,5.731532505580357,0.14436368571062172,0.0911299874947506,0.5679637905936571
186,0.5694338406693922,0.6712682022064526,3.6219098599893704,0.1419896566575127,0.08880718224203563,0.5775821467615524
187,0.10288125003457285,0.0825018824086458,4.2444168627262115,0.14305354288912245,0.0881697481783181,0.5805763156159119
188,0.05758553152450726,0.04901932705044081,4.878181717225483,0.1439881855621934,0.08965636049426577,0.574937881538703
189,0.04125395329668079,0.03740218178635197,5.115374222397804,0.14477692591026425,0.09069966920016949,0.5718879459788965
190,0.04143221505884347,0.03343804117217327,5.283916096602168,0.1430893514438399,0.09021217293209499,0.5753966584895391
191,0.04054026877487819,0.034193586013446166,5.429288023284504,0.14408851308482035,0.08969753768209142,0.5741630582689489
192,0.03057967676899612,0.027044664829320806,5.529999977775982,0.14395443689344184,0.09015810589620404,0.5773604099855483
193,0.029418261844641944,0.023195948582724668,5.654037665043559,0.14396642627460615,0.0911435676070879,0.5731246014061214
194,0.02297983491852002,0.020195812402692224,5.700718177216394,0.14530331934137003,0.09057876598909965,0.5740783701902665
195,0.029319066876009207,0.024749482667955038,5.829249667269843,0.14440234318109496,0.0893873556105096,0.5755569368788281
196,0.02418553757661357,0.021763612156584195,5.895096544708524,0.14356552536732384,0.08961740954617035,0.5763348168547049
197,0.4546081511251551,0.49016186258917777,5.164966167083809,0.14176237297111324,0.08741762328197872,0.5807160510207122
198,0.1797930151806213,0.14670839999702626,3.5348824294550076,0.1417574898472854,0.08973715490265213,0.578218529059452
199,0.09824886810487701,0.07983990876735854,4.408128962985107,0.14300457361553395,0.08902428160173587,0.576839065776681
200,0.04866647562656518,0.0413875950367323,4.971319447670664,0.14287039351516537,0.08982822005353883,0.5775612731399776
