epoch,train_loss,val_loss,val_psnr
1,0.16137987569622372,0.13436663928239242,18.98295949351508
2,0.1258393530126499,0.11648275929948558,20.179897471477297
3,0.11795516320220802,0.11126073093517967,20.527855933637284
4,0.11317905451616515,0.10656009841224422,20.929749020683165
5,0.10944759586583012,0.10606796877539676,20.965930638071868
6,0.10742683830144613,0.10261037621809088,21.287174044839606
7,0.10344335614987042,0.10026365162237831,21.259866785842032
8,0.10113047063350677,0.09741215926149617,21.749234148988347
9,0.09910267972103927,0.09379721335742784,21.883022668587472
10,0.0967459502103536,0.09199675431717998,22.123087663496793
11,0.0952685450244209,0.09074929518544156,22.282270399862874
12,0.09415561705827713,0.09019577600385832,22.186217031947344
13,0.09355011088368685,0.08954501054857088,22.431909393383847
14,0.0921427887742934,0.08799272905225339,22.373853788647665
15,0.0917283602706764,0.08859153027119844,22.423257470494352
16,0.0904956767740457,0.08839556574821472,22.467152475124347
17,0.09013512074623418,0.08664769808883252,22.604702188219022
18,0.08901918703771156,0.086457218164983,22.520170952870302
19,0.08919017300333666,0.08391586108052213,22.76876943021265
20,0.08821873115780561,0.08586027214060658,22.712036653285736
21,0.08774591204912766,0.08452969141628432,22.66246453619915
22,0.08732199101992276,0.08314302434091983,22.78570922612765
23,0.08637528817938722,0.08402627738921539,22.66496161412154
24,0.08623676301668519,0.08159368809150613,23.02472162422314
25,0.08552373678463956,0.08188225393709929,22.93898029322078
26,0.08547569446913574,0.08134850211765456,23.057700796333837
27,0.08483172750667385,0.08067068878723227,23.160297224154924
28,0.08472073507373748,0.08181800855242688,22.923189727099068
29,0.08456441517109456,0.0808847118978915,22.987713410340763
30,0.08402737667379172,0.08006167508985686,23.169476129093873
